ID,Method,Search,Limit Image,MMAP,Time_each_retrieve
1,LBP,Faiss,30,0.6804394870702447,0.12017598019705879
2,LBP,Faiss,30,0.6314064591176257,3.9500496331188413